{"loss": [0.22640518844127655, 0.07156876474618912, 0.04827151075005531, 0.04322437942028046, 0.04173780605196953, 0.03625065088272095, 0.03192652016878128, 0.03129291161894798, 0.028291381895542145, 0.02774086967110634, 0.02497909404337406, 0.02640221267938614, 0.024709761142730713, 0.0214467141777277, 0.021088523790240288, 0.019517572596669197, 0.021782161667943, 0.024068817496299744, 0.01882871240377426, 0.02054831199347973], "accuracy": [0.927141547203064, 0.9778178334236145, 0.9864742755889893, 0.9868350028991699, 0.9853922724723816, 0.9891794323921204, 0.9893597960472107, 0.9895401000976562, 0.9911631941795349, 0.9911631941795349, 0.9911631941795349, 0.9913435578346252, 0.9924256205558777, 0.9931469559669495, 0.9926059246063232, 0.9944093823432922, 0.9933273196220398, 0.9929666519165039, 0.9935076832771301, 0.9936879873275757], "val_loss": [0.03830708563327789, 0.024158388376235962, 0.021322397515177727, 0.01762131229043007, 0.01741810142993927, 0.015668954700231552, 0.01349471416324377, 0.014293286018073559, 0.012972766533493996, 0.012655707076191902, 0.01356466580182314, 0.012709458358585835, 0.012843378819525242, 0.012427115812897682, 0.013335039839148521, 0.014752608723938465, 0.011632424779236317, 0.010749234817922115, 0.01089965458959341, 0.00994159933179617], "val_accuracy": [0.9863799214363098, 0.9913978576660156, 0.9913978576660156, 0.9913978576660156, 0.9921147227287292, 0.9928315281867981, 0.9942652583122253, 0.9935483932495117, 0.9949820637702942, 0.9942652583122253, 0.9942652583122253, 0.9942652583122253, 0.9942652583122253, 0.9949820637702942, 0.9942652583122253, 0.9949820637702942, 0.9964157938957214, 0.9964157938957214, 0.9956989288330078, 0.9964157938957214]}